{
  "scale_x": 0.0761747430249633,
  "scale_y": 0.08870598354895401,
  "scale_z": 0.07988497931201372
}