{
  "scale_x": 0.07729558577016203,
  "scale_y": 0.07716800941389428,
  "scale_z": 0.0689674602192162
}