{
  "scale_x": 0.07618173474070675,
  "scale_y": 0.08870598354895401,
  "scale_z": 0.07988497931201372
}