{
  "scale_x": 0.07722366951991068,
  "scale_y": 0.07716800941389428,
  "scale_z": 0.06404121306070075
}