{
  "scale_x": 0.07694447019560582,
  "scale_y": 0.0848848103552837,
  "scale_z": 0.06404121306070075
}